{
    "man": {
        "PSNR": Infinity,
        "SSIM": 0.9443423748016357,
        "LPIPS": 0.021670343354344368
    },
    "Average": {
        "PSNR": Infinity,
        "SSIM": 0.9443423748016357,
        "LPIPS": 0.021670343354344368
    }
}